image_name,label
04axWAtK.png,2
0BFk6Qbu.png,1
0BJgIUTG.png,1
0cXhmG8p.png,1
0dTwkY5m.png,2
0K56OYp9.png,0
0KNPirS2.png,2
0MRZ6sFh.png,2
0N4FfVxm.png,2
0plGdINa.png,0
0r75ApoF.png,0
0s8PxM9A.png,1
0tolaG9A.png,0
0upxl1iI.png,0
0WXOJgMq.png,1
0zXmaMxj.png,0
1AtRdoCZ.png,2
1bxl6dHB.png,0
1CLtzciT.png,1
1iuOQAEV.png,0
1RXTDFmG.png,1
1Uex6XSq.png,2
1vqOwPaM.png,0
1Vt7vCEi.png,0
25DCi7sO.png,2
27xivjcN.png,0
2adGFhN5.png,0
2htVUId8.png,0
2NUYipjk.png,2
2piMJeaF.png,0
2rZlWeo4.png,0
2szDrPmI.png,0
2XR0PWIl.png,0
2YJDfAko.png,2
34exSNBj.png,0
3CFralBi.png,2
3edLOYvu.png,0
3gZ4ePtJ.png,2
3j2LzHec.png,0
3JDlwq1t.png,2
3k5zU2LK.png,0
3MIsXvbJ.png,0
3mkX1Wpx.png,0
3pBSbmrW.png,2
3SdIAweV.png,2
3WAx9SnQ.png,2
3wyJpMrE.png,2
3YyvKijB.png,2
3ZSkslVj.png,1
41hw3ecj.png,2
428FnTHz.png,0
4Acbqt6T.png,1
4d5HVOJb.png,2
4m2Pplh6.png,2
4puy67Lg.png,0
4rEZ1b5y.png,1
4tjba7Tr.png,1
4YrhGXLW.png,1
50SjliUD.png,2
59dSmKVC.png,2
5FO04HQz.png,0
5JSYdvtl.png,2
5LfYV07i.png,2
5UCwKWBk.png,0
60OSpixm.png,2
63fiSruH.png,2
64Zez7I8.png,1
68piOmb0.png,0
6aNXT4mu.png,2
6BFK3NIx.png,2
6jGF7Rr4.png,2
6KOTSbaf.png,1
6LZg4aTz.png,1
6pkZ2tzF.png,2
6Qd1MlSc.png,1
6RdblTyC.png,1
6S9PJLo3.png,2
6SCs3A1E.png,0
6urF7dqW.png,2
73YTyCzv.png,1
7BeRrEA9.png,2
7CBItGNi.png,0
7Coq8TVx.png,0
7G4cmyoU.png,0
7GyIhfLT.png,1
7IvASQwV.png,1
7LsylqIm.png,0
7QkGr9id.png,1
7SfbOcaE.png,2
7wLdhKyO.png,2
7WqCgbcT.png,1
7xBMgQ83.png,0
7ziJVqpl.png,2
805BYsSp.png,2
86JFAfTV.png,1
8eak2WZR.png,1
8hS9tOHB.png,1
8HtX1z3N.png,0
8JxQPv9A.png,0
8NiUQ73V.png,1
8RslMXQv.png,2
8SMqpLAJ.png,0
8SQfDkP4.png,2
8xkzGSuf.png,2
8zoynwqt.png,1
93SEVIj8.png,0
9LcTtJSd.png,0
9ouCxfIn.png,2
9xyZiAKI.png,0
a08utKwC.png,2
a35y9WDx.png,1
A4gZxtNp.png,1
a4pHK3e6.png,0
a5FZcEDg.png,0
a5i6C0VG.png,2
A974dLq0.png,0
A9BEcj7g.png,2
ab81qt0j.png,2
AbVqUi3L.png,2
ADb8Bat9.png,1
AdT2jpSM.png,2
AFgHT3Ut.png,2
AiS6Z74v.png,0
aMG3uAl1.png,0
anfMgyAE.png,1
ApSYfPXo.png,2
aQ0PmSw2.png,2
aR8vVy7x.png,2
ATKs1Wp0.png,1
aU3lRxGA.png,2
Av94owQz.png,2
AvSF4h7l.png,1
aWiPEbcI.png,0
awuZWT8j.png,0
axJn08hR.png,2
B2hNzOoY.png,2
b8iXC4WS.png,2
bBHM3JWx.png,0
bCMH5BXD.png,2
beX48PWL.png,0
Bfqo16L0.png,0
biDdKB2W.png,1
BiueFmlq.png,0
bJfGBYu7.png,2
bKA14PJ3.png,2
BON9KsIr.png,2
BoNc1DJA.png,1
BrFSYnpg.png,0
BtbvoZH4.png,1
BToldC13.png,0
bv2sLI3G.png,1
bxD84deu.png,2
byfZEYxp.png,2
c5rheUCk.png,2
C6nJPGX8.png,2
Ca61B5gm.png,0
CENe4Hmt.png,1
cF8zGrWw.png,2
cIYXshqi.png,2
CJSG4zas.png,0
CkgXHj6u.png,2
cO3WVHB1.png,2
cO9xAp0q.png,0
COQqwvBf.png,2
CsTaLihO.png,2
cTLFfi3C.png,2
cty4l1vw.png,1
cVazfHPZ.png,2
CwtUZybf.png,1
Cx8LvBS9.png,0
cy4kVs3Y.png,2
CYn7S3v1.png,1
D18GrTeA.png,0
d4AUatXQ.png,1
d7GmzTNX.png,1
d8rgiVKu.png,2
DCGqurU2.png,2
dEWNLuAT.png,2
dFxAtJhD.png,2
Dhi8kwoj.png,0
dhWYDEzw.png,1
diQwNM4Z.png,2
dJpM0qES.png,2
dJT6rBYZ.png,2
DJWU0RAX.png,2
dkAgvEJc.png,1
dlfj06eg.png,2
dLPfrUyq.png,0
doMWxJGN.png,1
Drt0Gi8w.png,2
dSPBcHKr.png,2
dSZPeC92.png,0
DT67Sdpx.png,2
dViywDJO.png,1
DxFME5kv.png,0
dzEs0pFq.png,2
dZKHCQai.png,2
E2HfouvG.png,1
e2TFmVlS.png,2
EbI4JxiZ.png,2
ebtjSkFx.png,2
EcuzAXg8.png,2
edNJgrh9.png,0
EFplJ4YO.png,0
EI6S5O8T.png,0
eKi6H7dF.png,2
En958Cdv.png,2
esWlm1xP.png,2
EUJVrTSi.png,2
EuSB0xRo.png,2
eZ0FndfD.png,0
EZ3xgiMG.png,1
f1q5xW4n.png,2
f29PLx3o.png,2
f2rQitd8.png,2
f6BKigh9.png,0
FaLpsxRH.png,2
fB13pixn.png,2
Fe1lYDpT.png,1
FEfmyzLG.png,1
FGhoviwT.png,2
FgutvnLC.png,2
FihRepMJ.png,2
fJAjGRVx.png,2
FMKSD856.png,0
FnswkuZf.png,0
FoHf2Yv7.png,0
FOnCo52b.png,1
FqtoZ9eb.png,0
fTczpgUS.png,0
FTthCEDm.png,1
fTWoc452.png,2
fU2eT9Ly.png,0
fvSiWOq2.png,2
FYeUiph4.png,2
FyOtnWDT.png,0
Fzfv0rNO.png,0
g0ZtsJaY.png,0
G2g4XD0c.png,2
g6T5Ilx9.png,1
gDm1eh6X.png,2
GevxJi7H.png,0
gfK1T4RZ.png,0
GnbyeuDp.png,2
gnVhpwGo.png,2
GoIcXJHi.png,2
gQlpDR0f.png,0
GqTSsRZk.png,1
GRA0Q9Yq.png,2
gu2NU8Dz.png,1
GvDMOrjt.png,2
GwduE2qz.png,0
gwV50a4Z.png,2
GZafVOsJ.png,2
GzDjRrAN.png,0
gzU4e9Da.png,1
h3Cv7Wb2.png,0
h5gAJtNj.png,2
h5LfSqNm.png,2
h74Qmlix.png,0
h7sJ9b3i.png,0
h9iM5JPl.png,0
hdw2rGbR.png,0
hDYqQsVg.png,2
hG7Q9fK4.png,2
hGTmDqNS.png,2
Hh4tD6TO.png,2
hiCb1Bor.png,1
hIFqvyWj.png,0
hj4xACTX.png,2
hkLt4m5n.png,1
hmjYCW9Z.png,0
hOzUWFvN.png,2
HP9QCEY6.png,2
HQ2qhEte.png,0
HqmtpR1o.png,1
hrwEGz4b.png,1
hsmiFWdw.png,2
hUfE7Ho0.png,1
HUgLqpGF.png,1
hUiYxcG4.png,2
hVLWfDm1.png,2
HxcRvIzQ.png,2
HXyCPxdO.png,2
hYSRTewI.png,0
I0Ck64UQ.png,2
I3vB7XYc.png,0
i6prytSO.png,1
i6rGwK5X.png,2
IA82GE5j.png,0
IdqMKNrl.png,2
Ih0cmNet.png,2
iHa4I9JZ.png,0
iKhd65rf.png,2
IKYmwnZ9.png,2
IN1RUEv3.png,2
iOpRlQtU.png,0
iP6bEfHg.png,1
IPNLxq3g.png,0
iqvN8z02.png,1
iTpItZ4W.png,1
iuJLbtXC.png,2
IuPiw7xr.png,2
iyYKE1ZI.png,1
iZFk1MKj.png,0
izZmRJSP.png,2
j2JrIElD.png,2
J5MmhNTX.png,0
J6fYb8UK.png,2
Jahyksop.png,2
JAnL6vOi.png,2
javH9zFU.png,2
JaWRfUjK.png,2
jbhTHvoF.png,2
JbzdtMU4.png,1
jCb5QpBA.png,2
JChdgUu8.png,0
JcRhKzFk.png,1
jDk3CrgE.png,2
JDOqTm8j.png,2
JE1af9Ig.png,2
JFzsXULw.png,2
jgLun1r4.png,2
jI1rWFPu.png,1
Jjlgb9Li.png,2
JKDaLA7i.png,2
jKdmvVtI.png,2
jkfXUAs8.png,1
jKLFOhHG.png,2
JKTauS7Z.png,0
JLmodKkT.png,0
JMbetWQc.png,2
jMpDR9FZ.png,0
jMtCQzfd.png,2
JN0rpYU5.png,2
JnthqiXv.png,2
Jp2SEraY.png,1
JpGRAK4l.png,2
JR8TGk5E.png,2
Jv96hLk3.png,2
jwGY9hNa.png,0
JXNawIrf.png,2
JyCdDsUN.png,1
k1syOjev.png,0
k1xi4bpC.png,2
k2cD0j5n.png,0
kAi3Z4nI.png,2
kAWbwGi6.png,0
kBsOU2Q9.png,2
KcVwlnXx.png,2
KEbBr85x.png,2
KF42Omt1.png,0
KhT7gREF.png,1
KIo6Q34m.png,0
kIUAzRcv.png,1
klOu5g3L.png,2
KnCQWpjx.png,0
KOoNAWH8.png,2
kOQFi5MD.png,2
KPBagCl8.png,0
ks0DuS3b.png,2
kthDyTVR.png,2
KtwL0s7v.png,0
Ky501hAj.png,2
KyiAdkcB.png,1
L0ir29N3.png,2
l1dWBbXs.png,0
L5qDQ401.png,2
lf1qXrtn.png,1
Lg32KARh.png,1
LGx4nvDR.png,2
Lhs7IRdS.png,2
lHxgFC07.png,1
liB16bdL.png,2
LIdHBvrO.png,2
lJq4HBew.png,2
LP5npdbC.png,0
LQHC8weO.png,2
lqTJPmc9.png,0
lsbcmwIi.png,1
luENyaBQ.png,2
LUlSpuow.png,1
LUnTOGQm.png,2
lwgHKtTQ.png,0
LXj2tf73.png,2
lywESL8a.png,2
lZyQEI4O.png,0
M2oUhwxA.png,2
m2y6YXbc.png,2
m3OoR5KJ.png,1
M5uiRq6C.png,2
M6NjFxvr.png,2
M96BmqyH.png,0
MBcGjCgL.png,2
mbP3U769.png,0
Me57orOv.png,2
MF2OGoYw.png,2
mfIdSOpY.png,0
MfzLimRJ.png,1
MGirC62m.png,0
mHBjrE9X.png,2
MIcJeb7P.png,2
MJwKYVp2.png,0
MKcxBAW8.png,2
mKxPoMON.png,1
MkYTSBg1.png,2
mNkWx0tb.png,2
mrahxbNE.png,0
MSGrTkb6.png,0
mSXjPTes.png,0
mvN90GVE.png,0
MWAQDUmV.png,2
myYFbzSJ.png,2
mYZsbNJ3.png,1
mzcnkvdJ.png,0
MzkcPhao.png,0
MZtwAGh4.png,2
n17gWNk6.png,1
N2mvQTZc.png,2
nA1mbFZI.png,2
nad2CMz6.png,2
nAmtVOd6.png,1
nB8jVoZg.png,2
NbcIS3iu.png,1
nBMkxjvP.png,2
NCOhTuto.png,0
NDmLfCUH.png,2
NepM0Wno.png,1
NFv2Irus.png,2
Nk1wyJYm.png,2
NkWyvXjO.png,0
NljGZtcm.png,2
NOnGV1S9.png,2
Noxk4F5R.png,0
NpPnisHM.png,2
nq4C1Xdi.png,1
nRBkY68S.png,0
NrfMX9Vp.png,1
Nsknibfh.png,1
NtKO57Xj.png,1
nTl1Ecro.png,2
NxYduJW0.png,0
NZ9m2qO8.png,2
o3ay46sr.png,0
O89RK0Ts.png,2
O8hP1fUT.png,2
Oa4keNIq.png,0
oaER3KFe.png,0
oAInTDUC.png,2
OBSKWiaH.png,2
od9HgVsk.png,0
OF2mh7jc.png,2
OfSqLyD4.png,2
OHb9ApiJ.png,0
okagWZ9Y.png,0
opW6abXi.png,1
Orlvxod1.png,1
OtmGclNE.png,0
otmqh81g.png,2
ouET9zRy.png,0
oW65Zh3v.png,0
owv9yj4i.png,2
OxcMNPwL.png,2
OXvB0Zgn.png,1
oYdwNgnq.png,0
Oylsq56c.png,0
P0YBieyv.png,2
p4VP9zfW.png,0
p4yhUKJ1.png,0
p5dZLic0.png,0
p6RxKLf9.png,2
P7zSQk6r.png,2
Pa7Ubn6t.png,1
PADpJymT.png,0
PBRxTnyg.png,0
PciI69lp.png,1
PcVHwTtg.png,1
PjhSKI3c.png,2
pmSKju4t.png,0
PmV8ecf9.png,2
pNFgTrsG.png,2
pPIH3mjy.png,0
pQw0euxz.png,0
pSmoDnQq.png,1
PupasRzy.png,2
PuVafH5c.png,2
PW7I1QJa.png,0
pY2HZCPk.png,2
pYZ1oPOc.png,2
q0iv3UNS.png,2
q1KXadEr.png,0
Q2HgXSTW.png,2
q3gQYlfp.png,0
Q4iMsBzo.png,1
QAUMr6Zp.png,0
Qcy80td4.png,2
QDmdOxfY.png,2
qdxG9gKo.png,2
qensGkzU.png,2
qFRNjEUg.png,0
QIbvUmMx.png,0
Qjg17urm.png,2
qK8UZtS3.png,2
QLKqIMpY.png,2
qMaJlr50.png,2
Qn6CLNGm.png,0
qQitj4w5.png,2
qriIAVDl.png,0
qTxIotMB.png,2
qUc0BLYX.png,2
qvt9Sh8Z.png,0
QzgE7fW3.png,0
QZP2vlAx.png,1
r0HfoCV8.png,1
r0impCyB.png,2
r0uHgI2h.png,1
R3iUAZQL.png,1
R3TCNe7h.png,0
R6Ff3nQg.png,2
R73hudYo.png,0
r7DEqkTj.png,2
RAjEISTW.png,1
rAzC6SnX.png,0
RCqcF3bM.png,2
rdIRGJFZ.png,0
RdZ1SwHt.png,2
rFhSQ7wk.png,2
Rfqv7A1x.png,0
rg43biSP.png,2
rhJewudq.png,2
Rj19xV6g.png,2
RJu9k05z.png,1
RK4tZnpB.png,0
rK96hxzZ.png,1
rkdxnqHf.png,0
RLheEixQ.png,1
rqmx9Lsf.png,0
Rto4xbYq.png,2
rw5GWyL9.png,0
rz1v4G8k.png,0
RZlFd2D8.png,2
rZOdjy3B.png,0
s4DTLP5f.png,0
S9onlCbi.png,1
sASVPmMG.png,0
SBFXxYOC.png,2
SftuJOVK.png,2
sgav4ep7.png,2
sGUf3Jx6.png,1
Sk5HGPEF.png,1
skuALcNI.png,1
SNFfKhi3.png,0
SNq7Povd.png,2
sOR05J3F.png,1
SQgMRn4Z.png,2
srAK6L39.png,0
SRgWQwCP.png,2
StA325Pj.png,1
sU3BCnxV.png,2
sUHZcixB.png,0
sUvW7OtM.png,0
sV53rmRP.png,2
sV9KSi6E.png,0
SxoXy0cm.png,2
SY5bofi8.png,1
T2glebrE.png,1
t4ZXWwSb.png,2
t5djB9a3.png,0
t5kBQmXU.png,0
T64zvb1g.png,2
T96h50D4.png,1
tazMCs7g.png,1
tb6K3flE.png,1
TerxDotL.png,2
tEY2ekXo.png,2
Tfcngd6k.png,2
TFJizDvx.png,0
ti4O7P5A.png,2
TInzsmqG.png,2
tIPEFypz.png,0
TKJkFEHR.png,1
Tlmqvr7C.png,1
ToMfF8Vx.png,0
tp9UuTQR.png,2
TPBMZqzH.png,1
TPqzCB4j.png,2
TQ7Cyrw6.png,1
TRauUslO.png,2
troAW9Mk.png,1
tV4LNbZI.png,2
tz6HBsjZ.png,2
U0LaVWk3.png,2
U5VzdALq.png,0
UaNmI9xu.png,0
UAzyeSfO.png,2
uBH4jiMx.png,2
uCoNmVAl.png,0
Uctaojxe.png,2
ucZI4yCg.png,2
Uesp3akV.png,0
UG4kXCz7.png,2
uhOFwr8z.png,0
uHz10h34.png,1
Ui87mtnW.png,2
ujPzgCTa.png,2
uOG962sz.png,0
UOretF51.png,1
uSPfdYCD.png,0
UynLuW0f.png,2
uYnPtQzy.png,2
UYwvb4P3.png,2
v6cPexL2.png,0
V6OMbe94.png,1
v6wRuG2H.png,0
ValdgM4H.png,0
vcMajgTO.png,1
VdtX1zxb.png,2
vGeMBI4i.png,1
VhN9kUrp.png,2
vi1gVnWS.png,0
VkCIdTBf.png,2
vLhiasDf.png,1
VlIt9W3U.png,0
vMg6YGFI.png,0
VmjTJRGx.png,1
vN6A5SEy.png,2
VorhEf0O.png,1
VPa69Zqb.png,2
Vq1JnEcX.png,1
vR87hC3r.png,2
VrDqkA3j.png,0
vrJ8XGLW.png,2
vsyAHUQP.png,2
VTqni5AR.png,1
vU2r03wD.png,0
vVUo06FP.png,0
w012XdCY.png,1
w7zvokTa.png,0
w8Q7jEhF.png,2
wblf9Qcz.png,1
WdAEriT5.png,2
WFBOH6oA.png,1
WfC67Fje.png,1
whbLDBMm.png,0
wKWJo4gu.png,2
wl7yzb9m.png,0
wLEbGdCW.png,1
WNz7Z0hp.png,2
wQVBRi2o.png,1
WR4fwCPG.png,2
WRSkKv80.png,1
wsLlh1vx.png,2
WtjDPM9A.png,1
wtJyalQR.png,0
WvKfm1w6.png,0
wYGSCHxp.png,2
X2IznMYP.png,0
x3M9AlGY.png,2
X3S9Van1.png,2
X4a1trqo.png,1
X7Os1HUK.png,2
X8UOwqyr.png,0
XatE4Z9J.png,2
xbapLmFd.png,2
xbswTHYG.png,0
XBtVq7LR.png,0
xcSNZkiT.png,0
xgKNWn43.png,0
Xh6SZQDT.png,0
Xi9qMb7d.png,2
XIEtvTse.png,2
xJqNQHjd.png,1
xKgQ4OqB.png,1
xKzk3q4p.png,2
xl1Pk8Ib.png,0
xLy2HBqW.png,1
xm68gGcJ.png,2
xNkbBItW.png,0
XPDzChYG.png,0
XpErn814.png,2
xptJ2mjf.png,0
xpyuMZ8P.png,1
xrhtPZs5.png,0
xruIYeKR.png,0
xte143rs.png,1
xuXYkvNK.png,2
XWaRBbK9.png,2
xYvNVmtM.png,0
y2MEJNov.png,2
Y75FwQ9O.png,2
Y7E69oSJ.png,0
YaMAPkqd.png,0
yB4jcQNM.png,0
YGMmjUP9.png,0
Yi2X8wk6.png,1
YiHbfkFh.png,2
YjP9LKcE.png,0
ykXYS3Ei.png,0
yMor9ch4.png,2
yNeXHpxT.png,1
yol7Oha5.png,2
ypWmYGir.png,2
YVgufmyc.png,1
yWBmMl8k.png,0
YXLvaFZ9.png,0
YXvGkst1.png,1
YZRCkeNb.png,2
z3GOrSM5.png,0
Z9AayS4e.png,0
ZA0mKXo2.png,2
ZajWD5gI.png,0
Zc65iQw3.png,1
zEaAGIu6.png,2
zEj8oHLa.png,1
zGCYhpQU.png,2
zHfMx3AI.png,2
zHoIbfB3.png,2
zIUPhry8.png,0
ZjAnlvpz.png,2
Zl145Anp.png,2
ZmvWsdY9.png,2
Zogq3IAa.png,2
Zohqcbdw.png,2
ZohRd8zW.png,1
zp3haJe2.png,2
zPG0vTwp.png,0
zTHwLWxA.png,1
zvdrJSf3.png,2
zveKpqhV.png,2
zwIxuMjb.png,2
zX7Hrx0M.png,0
zYeQf7a4.png,0
